{
  "page_title": "Mend-Wahl Mittwoch",
  "header": {
    "title": "Mend-Wahl",
    "subtitle": "Mittwoch",
    "date": "20. JULI 2022"
  },
  "menu_sections": [
    {
      "section_title": "ALHNING",
      "items": [
        {
          "name": "Gurkensalat",
          "description": "Erfrischender Gurkensalat mit Joghurt-Dressing",
          "allergens": ["10"],
          "ingredients": "Gurken, Joghurt, Dill, Zwiebeln, Essig, Salz, Pfeffer"
        },
        {
          "name": "Bio Linseneintopf™ mit Rindfleisch™",
          "description": "Hausgemachter Linseneintopf mit zartem Rindfleisch",
          "allergens": ["A", "R", "F", "L"],
          "ingredients": "Linsen, Rindfleisch, Karotten, Zwiebeln, Sellerie, Tomaten, Gewürze"
        },
        {
          "name": "frisches Obst",
          "description": "Saisonale frische Früchte",
          "allergens": [],
          "ingredients": "Äpfel, Bananen, Orangen, Trauben, Erdbeeren"
        }
      ],
      "order_button": "BESTELLEN"
    },
    {
      "section_title": "BESTELLER",
      "items": [
        {
          "name": "Gurkensalat",
          "description": "Klassischer Gurkensalat mit Dill",
          "allergens": ["10"],
          "ingredients": "Gurken, Dill, Essig, Öl, Salz, Zucker"
        },
        {
          "name": "Bio Linseneintopf™ mit Soja™",
          "description": "Vegetarischer Linseneintopf mit Soja",
          "allergens": ["A", "F", "L"],
          "ingredients": "Linsen, Soja, Karotten, Zwiebeln, Sellerie, Tomaten, Gewürze"
        },
        {
          "name": "frisches Obst",
          "description": "Ausgewählte frische Obstsorten",
          "allergens": [],
          "ingredients": "Melone, Kiwi, Pfirsich, Birne, Heidelbeeren"
        }
      ],
      "order_button": "BESTELLEN"
    },
    {
      "section_title": "BESTELLER",
      "items": [
        {
          "name": "Gurkensalat",
          "description": "Klassischer Gurkensalat mit Dill",
          "allergens": ["10"],
          "ingredients": "Gurken, Dill, Essig, Öl, Salz, Zucker"
        },
        {
          "name": "Bio Linseneintopf™ mit Soja™",
          "description": "Vegetarischer Linseneintopf mit Soja",
          "allergens": ["A", "F", "L"],
          "ingredients": "Linsen, Soja, Karotten, Zwiebeln, Sellerie, Tomaten, Gewürze"
        },
        {
          "name": "frisches Obst",
          "description": "Ausgewählte frische Obstsorten",
          "allergens": [],
          "ingredients": "Melone, Kiwi, Pfirsich, Birne, Heidelbeeren"
        }
      ],
      "order_button": "BESTELLEN"
    }
  ],
  "modal_content": {
    "allergens": [
      {"code": "A", "description": "Gluten"},
      {"code": "B", "description": "Krebstiere"},
      {"code": "C", "description": "Eier"},
      {"code": "D", "description": "Fisch"},
      {"code": "E", "description": "Erdnüsse"},
      {"code": "F", "description": "Sojabohnen"},
      {"code": "G", "description": "Milch"},
      {"code": "H", "description": "Schalenfrüchte"},
      {"code": "I", "description": "Sellerie"},
      {"code": "J", "description": "Senf"},
      {"code": "K", "description": "Sesam"},
      {"code": "L", "description": "Schwefeloxid & Sulfite"},
      {"code": "M", "description": "Lupinen"},
      {"code": "N", "description": "Weichtiere"},
      {"code": "10", "description": "Enthält Säuerungsmittel"}
    ],
    "additives": [
      {"code": "1", "description": "mit Zusatzstoff A"},
      {"code": "2", "description": "mit Antioxidationsmittel"},
      {"code": "3", "description": "mit Farbstoff"},
      {"code": "4", "description": "mit Geschmacksverstärker"},
      {"code": "5", "description": "mit Konservierungsmittel"},
      {"code": "6", "description": "mit Süßungsmittel"},
      {"code": "7", "description": "mit Phosphat"},
      {"code": "8", "description": "mit Geliermittel"},
      {"code": "9", "description": "mit Verdickungsmittel"}
    ],
    "other_info": [
      {"code": "X", "description": "Hinweis"},
      {"code": "Y", "description": "Zutatenliste siehe Verpackung"},
      {"code": "Z", "description": "Haltbarkeitsdatum: 01.10.2023"}
    ]
  },
  "bestellung_page": {
    "page_title": "Bestellung für Max Mustermann",
    "customer_name": "Max Mustermann",
    "order_items": [ 
      {
        "name": "Gurkensalat",
        "nutrition_info": {
          "calories": "66 kcal",
          "carbs": "4.7g",
          "protein": "2.3g",
          "fat": "3g"
        }
      },
      {
        "name": "Brokkoligemüse mit Kartoffeln",
        "nutrition_info": {
          "calories": "450 kcal",
          "carbs": "20g",
          "protein": "100g",
          "fat": "15g"
        }
      },
      {
        "name": "Frisches Obst",
        "nutrition_info": {
          "calories": "120 kcal",
          "carbs": "20g",
          "protein": "100g",
          "fat": "15g"
        }
      }
    ],
    "nutrition_labels": {
      "calories": "Kalorien",
      "carbs": "Kohlenhydrate",
      "protein": "Protein",
      "fat": "Fett"
    }
  },
  "speisekalender_page": {
    "page_title": "Speisekalender 18. JULI 2022 – 22. JULI 2022",
    "date_range": "18. JULI 2022 – 22. JULI 2022",
    "week_days": [
      {
        "date": "09.08.2022",
        "day": "MONTAG",
        "menu_items": [
          "Gurkensalat+",
          "Bio Linseneintopf+ mit Rindfleisch™L",
          "frisches Obst"
        ]
      },
      {
        "date": "09.08.2022",
        "day": "DIENSTAG",
        "menu_items": [
          "Gurkensalat+",
          "Bio Linseneintopf+ mit Rindfleisch™L",
          "frisches Obst"
        ]
      },
      {
        "date": "10.08.2022",
        "day": "MITTWOCH",
        "menu_items": [
          "Gurkensalat+",
          "Bio Linseneintopf+ mit Rindfleisch™L",
          "frisches Obst"
        ]
      },
      {
        "date": "11.08.2022",
        "day": "DONNERSTAG",
        "menu_items": [
          "Gurkensalat+",
          "Bio Linseneintopf+ mit Rindfleisch™L",
          "frisches Obst"
        ]
      },
      {
        "date": "12.08.2022",
        "day": "FREITAG",
        "menu_items": [
          "Gurkensalat+",
          "Bio Linseneintopf+ mit Rindfleisch™L",
          "frisches Obst"
        ]
      }
    ]
  },
  "app_settings": {
    "show_allergen_button": true,
    "allergen_button_text": "Show allergens",
    "max_visible_menus": 2,
    "enable_horizontal_scroll": true,
    "date_toggle_enabled": true
  },
  "navigation": {
    "current_view": "mittwoch",
    "available_views": [
      {
        "name": "mittwoch",
        "display_name": "Mittwoch",
        "icon": "date.png"
      },
      {
        "name": "speisekalender", 
        "display_name": "Speisekalender",
        "icon": "calendar.png"
      }
    ]
  },
  "footer": {
    "client_info": "Auftraggeber: Mütter verschwärfen, Instrumente in Prozent der Abteilung: Martin",
    "links": [
      "Impressum",
      "|",
      "Datenschutz", 
      "|", 
      "AGB",
      "|",
      "Hilfe & Kontakt"
    ]
  }
}